Registration,Engine Type,Body,Brand,Year,EngineV,Model,breakdown,breakdown_value,sig,impact,insight,insight_type,score,measure
yes,*,vagon,*,*,*,*,Year,-1,0.21610537771281402,0.07055900621118012,trend,shape,0.01524818068830787,Mileage
*,Diesel,*,*,*,1.9,*,Year,-1,0.334082517901645,0.04670807453416149,trend,shape,0.015604351146710374,Mileage
*,Diesel,*,*,*,3.0,*,Year,-1,0.18074645026502922,0.084472049689441,trend,shape,0.015268023127977625,Mileage
*,*,*,*,*,1.9,*,Year,-1,0.31569842536849757,0.05018633540372671,trend,shape,0.015843747061971804,Mileage
*,*,*,*,*,*,A6,Year,-1,0.4242107693408723,0.03875776397515528,trend,shape,0.016441460873832567,Mileage
yes,*,*,*,*,1.9,*,Year,-1,0.44919160145979775,0.03503105590062112,trend,shape,0.015735656100827698,Mileage
*,*,*,Audi,*,*,A6,Year,-1,0.4242107693408723,0.03875776397515528,trend,shape,0.016441460873832567,Mileage
yes,Diesel,*,*,*,2.0,*,Year,-1,0.2355583021744152,0.07304347826086957,trend,shape,0.017205997724044242,Mileage
*,Diesel,*,Volkswagen,*,1.9,*,Year,-1,0.5437747352019807,0.031801242236024846,trend,shape,0.017292712075988457,Mileage
*,*,*,Volkswagen,*,1.9,*,Year,-1,0.5557995628754318,0.03304347826086956,trend,shape,0.018365550773275136,Mileage
yes,Gas,*,*,*,*,*,Year,-1,0.13836776422830843,0.14062111801242236,trend,shape,0.01945742970266399,Mileage
*,Diesel,van,*,*,*,*,Year,-1,0.1254814383302435,0.1408695652173913,trend,shape,0.0176765156604343,Mileage
yes,Diesel,*,*,*,3.0,*,Year,-1,0.21221450619487459,0.07577639751552795,trend,shape,0.016080850779984286,Mileage
*,Diesel,*,Mercedes-Benz,*,*,*,Year,-1,0.17114666546404878,0.11105590062111802,trend,shape,0.01900684707141113,Mileage
yes,*,other,*,*,*,*,Year,-1,0.2619937881275284,0.09217391304347826,trend,shape,0.024148992644798268,Mileage
*,*,*,*,*,3.0,*,Year,-1,0.17945330372953294,0.12198757763975156,trend,shape,0.021891073821416317,Mileage
yes,*,*,*,*,3.0,*,Year,-1,0.18393915577592435,0.11204968944099379,trend,shape,0.020610325280730903,Mileage
*,*,*,Renault,*,*,*,Year,-1,0.23964373577654774,0.11055900621118013,trend,shape,0.026494773272189753,Mileage
yes,Diesel,van,*,*,*,*,Year,-1,0.14413076547344272,0.13590062111801243,trend,shape,0.019587460550055447,Mileage
yes,*,*,Renault,*,*,*,Year,-1,0.23938384743812657,0.10434782608695652,trend,shape,0.024979184080500164,Mileage
*,*,*,*,*,2.0,*,Year,-1,0.25783872353935966,0.1711801242236025,trend,shape,0.04413686472512268,Mileage
*,Diesel,*,*,*,2.0,*,Year,-1,0.2560730125537696,0.08149068322981366,trend,shape,0.020867564749723334,Mileage
yes,Diesel,crossover,*,*,*,*,Year,-1,0.23150786238284626,0.09018633540372671,trend,shape,0.02087884572545918,Mileage
yes,*,*,Toyota,*,*,*,Year,-1,0.1880741514261336,0.12571428571428572,trend,shape,0.023643607607856797,Mileage
yes,Diesel,*,Mercedes-Benz,*,*,*,Year,-1,0.1981661310756253,0.09962732919254659,trend,shape,0.019742762375484658,Mileage
*,*,other,*,*,*,*,Year,-1,0.25264875232049266,0.09788819875776397,trend,shape,0.024731331283049468,Mileage
yes,*,sedan,*,*,*,*,Year,-1,0.22405060043510228,0.337888198757764,trend,shape,0.0757040538116122,Mileage
*,Gas,*,*,*,*,*,Year,-1,0.13899086353401247,0.14658385093167703,trend,shape,0.020373816021134746,Mileage
*,Diesel,crossover,*,*,*,*,Year,-1,0.23537148551900733,0.0951552795031056,trend,shape,0.022396839491622314,Mileage
*,*,*,Mercedes-Benz,*,*,*,Year,-1,0.24759908930998709,0.204472049689441,trend,shape,0.05062709329245202,Mileage
yes,Petrol,sedan,*,*,*,*,Year,-1,0.21147588782551752,0.18583850931677018,trend,shape,0.03930036374993468,Mileage
*,*,*,*,*,*,*,Year,-1,0.3708419642642906,1.0,trend,shape,0.3708419642642906,Mileage
*,*,*,Toyota,*,*,*,Year,-1,0.18985591727235096,0.1267080745341615,trend,shape,0.024056277716496644,Mileage
*,*,sedan,*,*,*,*,Year,-1,0.19500546839404964,0.38111801242236026,trend,shape,0.07432009652583159,Mileage
yes,*,*,*,*,2.0,*,Year,-1,0.23626631066986536,0.15751552795031057,trend,shape,0.037215612662035935,Mileage
*,Petrol,*,*,*,*,*,Year,-1,0.27526681663725805,0.36472049689440994,trend,shape,0.10039545014248319,Mileage
yes,*,*,Volkswagen,*,*,*,Year,-1,0.3336546992494246,0.20173913043478262,trend,shape,0.06731120889205783,Mileage
*,*,*,Volkswagen,*,*,*,Year,-1,0.3355159379356937,0.2186335403726708,trend,shape,0.07335503736233799,Mileage
yes,*,crossover,*,*,*,*,Year,-1,0.1715681096867403,0.19751552795031055,trend,shape,0.0338873657642133,Mileage
*,Diesel,*,*,*,*,*,Year,-1,0.3399225437575889,0.46236024844720497,trend,shape,0.1571666717845647,Mileage
*,*,van,*,*,*,*,Year,-1,0.17152410716484856,0.155527950310559,trend,shape,0.026676792816197562,Mileage
yes,*,*,Mercedes-Benz,*,*,*,Year,-1,0.2775709982086352,0.18782608695652173,trend,shape,0.052135074446143646,Mileage
yes,Petrol,*,*,*,*,*,Year,-1,0.2717798843539616,0.34608695652173915,trend,shape,0.0940594730198928,Mileage
*,*,crossover,*,*,*,*,Year,-1,0.16718945371677352,0.20472049689440994,trend,shape,0.034227108040402826,Mileage
yes,Diesel,*,Volkswagen,*,*,*,Year,-1,0.2438195676646544,0.11329192546583851,trend,shape,0.027622788286976997,Mileage
yes,*,van,*,*,*,*,Year,-1,0.18589022059596705,0.1498136645962733,trend,shape,0.027848895160091463,Mileage
*,Diesel,*,Volkswagen,*,*,*,Year,-1,0.24389945849608596,0.1239751552795031,trend,shape,0.03023747323963898,Mileage
yes,*,*,*,*,*,*,Year,-1,0.37962957477041137,0.9078260869565218,trend,shape,0.3446376313567909,Mileage
yes,Diesel,*,*,*,*,*,Year,-1,0.3895088368389621,0.39850931677018636,trend,shape,0.1552229004446448,Mileage
*,Petrol,sedan,*,*,*,*,Year,-1,0.2070366858046686,0.19503105590062111,trend,shape,0.040378583442649656,Mileage
yes,*,*,*,*,*,Kangoo,Engine Type,Diesel,0.9989723267994542,0.03354037267080745,top1,point,0.03350590412867734,Mileage
yes,*,*,Renault,*,*,Kangoo,Engine Type,Diesel,0.9989723267994542,0.03354037267080745,top1,point,0.03350590412867734,Mileage
*,Diesel,*,*,2012,*,*,Body,van,0.6769300297902034,0.049689440993788817,top1,point,0.03363627477218402,Mileage
*,*,*,Renault,*,*,Kangoo,Engine Type,Diesel,0.9989846746764756,0.0337888198757764,top1,point,0.03375451323130452,Mileage
yes,Petrol,*,Audi,*,*,*,Body,sedan,0.8996101349869886,0.0377639751552795,top1,point,0.033972854787086275,Mileage
*,*,*,BMW,*,2.0,*,Body,sedan,0.8326739533155758,0.04124223602484472,top1,point,0.03434133571438151,Mileage
*,*,vagon,*,*,*,*,Engine Type,Diesel,0.4759537342842771,0.09416149068322982,top1,point,0.0448165131164574,Mileage
yes,*,*,*,*,1.9,*,Engine Type,Diesel,0.9987784634474399,0.03503105590062112,top1,point,0.034988264185363736,Mileage
*,*,*,*,*,*,Kangoo,Engine Type,Diesel,0.9989846746764756,0.0337888198757764,top1,point,0.03375451323130452,Mileage
*,Petrol,*,Audi,*,*,*,Body,sedan,0.9597267617889617,0.039503105590062114,top1,point,0.03791218760855774,Mileage
*,*,van,Mercedes-Benz,*,*,*,Model,Vito,0.8427152167487126,0.04074534161490683,top1,point,0.03433671939050655,Mileage
yes,*,*,Volkswagen,*,*,*,Body,van,0.20018750952292008,0.20173913043478262,top1,point,0.04038565409505866,Mileage
*,*,*,*,*,*,E-Class,Body,sedan,0.9988891488247603,0.04670807453416149,top1,point,0.04665618881467203,Mileage
*,*,*,Mercedes-Benz,*,*,E-Class,Body,sedan,0.9988891488247603,0.04670807453416149,top1,point,0.04665618881467203,Mileage
no,*,*,*,*,*,*,Body,sedan,0.5904846098358462,0.09217391304347826,top1,point,0.054427277080521475,Mileage
*,*,hatch,*,*,*,*,Brand,Volkswagen,0.6426895529254242,0.06658385093167701,top1,point,0.04279274538733259,Mileage
yes,Diesel,*,*,*,2.5,*,Body,van,0.9631416954980159,0.039503105590062114,top1,point,0.03804708809544957,Mileage
yes,*,*,*,*,*,E-Class,Body,sedan,0.9982087148983465,0.04,top1,point,0.03992834859593386,Mileage
yes,*,crossover,BMW,*,*,*,Model,X5,0.8997453726451909,0.03975155279503106,top1,point,0.0357662756827902,Mileage
yes,*,*,Mercedes-Benz,*,*,E-Class,Body,sedan,0.9982087148983465,0.04,top1,point,0.03992834859593386,Mileage
*,*,*,*,*,2.5,*,Engine Type,Diesel,0.6675536060270766,0.08422360248447205,top1,point,0.05622376955110037,Mileage
*,*,van,Renault,*,*,*,Engine Type,Diesel,0.9980382457439507,0.04770186335403727,top1,point,0.047608284020581,Mileage
*,*,*,*,*,1.9,*,Engine Type,Diesel,0.9989717598106271,0.05018633540372671,top1,point,0.05013473179670725,Mileage
yes,*,van,Renault,*,*,*,Engine Type,Diesel,0.9978546793702272,0.04596273291925466,top1,point,0.04586412812012224,Mileage
*,*,*,Renault,*,*,*,Engine Type,Diesel,0.941293036253127,0.11055900621118013,top1,point,0.10406842264165007,Mileage
yes,Petrol,*,*,*,*,*,Body,sedan,0.6952748442565757,0.34608695652173915,top1,point,0.24062555479488448,Mileage
yes,*,*,*,*,2.2,*,Engine Type,Diesel,0.9960000133601381,0.06360248447204969,top1,point,0.06334807538389947,Mileage
no,*,*,*,*,*,*,Engine Type,Diesel,0.6698688137872264,0.09217391304347826,top1,point,0.061744429792561735,Mileage
*,*,*,*,*,2.0,*,Body,sedan,0.7207275898097544,0.1711801242236025,top1,point,0.12337423835501138,Mileage
yes,*,van,Volkswagen,*,*,*,Engine Type,Diesel,0.9919064260179092,0.06161490683229814,top1,point,0.061116222025451306,Mileage
*,*,*,*,*,2.2,*,Engine Type,Diesel,0.9968576962790745,0.06881987577639752,top1,point,0.06860362282467171,Mileage
*,*,*,Mercedes-Benz,*,2.2,*,Engine Type,Diesel,0.9925945135033998,0.059130434782608696,top1,point,0.05869254514628799,Mileage
*,Gas,*,*,*,*,*,Body,sedan,0.48294600151725314,0.14658385093167703,top1,point,0.0707920846944545,Mileage
*,*,crossover,BMW,*,*,*,Model,X5,0.9004161080676071,0.04298136645962733,top1,point,0.03870111470700523,Mileage
*,*,*,*,*,1.5,*,Engine Type,Diesel,0.9987606712233413,0.06161490683229814,top1,point,0.061538545705189726,Mileage
yes,*,*,*,*,*,*,Body,sedan,0.26513643271288195,0.9078260869565218,top1,point,0.24069777021934677,Mileage
yes,*,*,Renault,*,*,*,Engine Type,Diesel,0.9590869314467428,0.10434782608695652,top1,point,0.10007863632487751,Mileage
yes,*,*,*,*,2.0,*,Brand,Volkswagen,0.5353402566121582,0.15751552795031057,top1,point,0.08432440315331884,Mileage
yes,Gas,*,*,*,*,*,Body,sedan,0.458643293422049,0.14062111801242236,top1,point,0.06449493268990801,Mileage
*,*,van,Volkswagen,*,*,*,Engine Type,Diesel,0.9880231423635487,0.06335403726708075,top1,point,0.0625952549820385,Mileage
*,*,*,*,*,3.0,*,Brand,BMW,0.39282365049370577,0.12198757763975156,top1,point,0.04791960556333156,Mileage
*,Petrol,*,*,*,*,*,Body,sedan,0.7442668756035348,0.36472049689440994,top1,point,0.27144938469217117,Mileage
yes,Diesel,*,Volkswagen,*,*,*,Body,van,0.9270540430309855,0.11329192546583851,top1,point,0.10502773754587065,Mileage
yes,*,van,*,*,*,*,Engine Type,Diesel,0.9991920125300374,0.1498136645962733,top1,point,0.14969261703245032,Mileage
yes,*,*,*,*,1.5,*,Engine Type,Diesel,0.9987399686411127,0.06086956521739131,top1,point,0.06079286765641556,Mileage
yes,*,*,*,*,2.0,*,Body,sedan,0.6952204868864955,0.15751552795031057,top1,point,0.10950802203379831,Mileage
*,Diesel,*,Volkswagen,*,*,*,Body,van,0.9414132263067683,0.1239751552795031,top1,point,0.1167118509135596,Mileage
*,*,*,*,*,*,*,Body,sedan,0.5755902857291725,1.0,top1,point,0.5755902857291725,Mileage
yes,*,*,Mercedes-Benz,*,2.2,*,Engine Type,Diesel,0.9942277278047561,0.05490683229813664,top1,point,0.05458989511673319,Mileage
*,*,van,*,*,*,*,Engine Type,Diesel,0.9991650964373495,0.155527950310559,top1,point,0.15539809947075298,Mileage
*,Diesel,*,*,*,2.0,*,Year,2013,0.9999999999999991,0.08149068322981366,change point,shape,0.08149068322981359,Mileage
*,*,sedan,Mercedes-Benz,*,*,*,Year,2015,0.9999999999999936,0.0884472049689441,change point,shape,0.08844720496894352,Mileage
*,Diesel,*,Renault,*,*,*,Year,2002,0.9999999999999984,0.08322981366459627,change point,shape,0.08322981366459614,Mileage
yes,Diesel,*,Mercedes-Benz,*,*,*,Year,1998,0.9999999999999992,0.09962732919254659,change point,shape,0.09962732919254651,Mileage
yes,Diesel,crossover,*,*,*,*,Year,2004,0.999999999999999,0.09018633540372671,change point,shape,0.09018633540372663,Mileage
*,*,sedan,BMW,*,*,*,Year,2002,0.9999999999999992,0.08968944099378882,change point,shape,0.08968944099378875,Mileage
*,*,*,*,*,2.5,*,Year,1996,0.9999999999999974,0.08422360248447205,change point,shape,0.08422360248447185,Mileage
*,*,*,Audi,*,*,*,Year,2014,0.9999999999999976,0.10434782608695652,change point,shape,0.10434782608695627,Mileage
*,*,*,Renault,*,*,*,Year,2002,0.9999999999999987,0.11055900621118013,change point,shape,0.11055900621117998,Mileage
yes,*,other,*,*,*,*,Year,2013,0.9999999999999974,0.09217391304347826,change point,shape,0.09217391304347802,Mileage
*,*,vagon,*,*,*,*,Year,1999,0.9999999999999987,0.09416149068322982,change point,shape,0.0941614906832297,Mileage
no,*,*,*,*,*,*,Year,2007,0.9999999999999992,0.09217391304347826,change point,shape,0.09217391304347819,Mileage
*,*,other,*,*,*,*,Year,2013,0.9999999999999982,0.09788819875776397,change point,shape,0.09788819875776379,Mileage
*,Diesel,van,*,*,*,*,Year,1999,0.9999999999999991,0.1408695652173913,change point,shape,0.14086956521739116,Mileage
*,Diesel,*,*,*,3.0,*,Year,2014,0.999999999999996,0.084472049689441,change point,shape,0.08447204968944066,Mileage
*,*,*,*,*,3.0,*,Year,2009,0.999999999999999,0.12198757763975156,change point,shape,0.12198757763975143,Mileage
yes,Diesel,*,Volkswagen,*,*,*,Year,2013,0.999999999999999,0.11329192546583851,change point,shape,0.1132919254658384,Mileage
yes,*,*,*,*,3.0,*,Year,2009,0.999999999999999,0.11204968944099379,change point,shape,0.11204968944099368,Mileage
*,Petrol,sedan,*,*,*,*,Year,2013,0.9999999999999992,0.19503105590062111,change point,shape,0.19503105590062098,Mileage
*,*,van,*,*,*,*,Year,1999,0.9999999999999992,0.155527950310559,change point,shape,0.15552795031055888,Mileage
yes,*,*,Toyota,*,*,*,Year,1985,0.9999999999999992,0.12571428571428572,change point,shape,0.1257142857142856,Mileage
*,Diesel,sedan,*,*,*,*,Year,1999,0.9999999999999992,0.10086956521739131,change point,shape,0.10086956521739122,Mileage
yes,Diesel,van,*,*,*,*,Year,1998,0.999999999999999,0.13590062111801243,change point,shape,0.1359006211180123,Mileage
*,Diesel,crossover,*,*,*,*,Year,2003,0.9999999999999991,0.0951552795031056,change point,shape,0.09515527950310551,Mileage
*,Diesel,*,Mercedes-Benz,*,*,*,Year,2014,0.999999999999999,0.11105590062111802,change point,shape,0.1110559006211179,Mileage
yes,*,*,*,*,2.0,*,Year,2013,0.999999999999999,0.15751552795031057,change point,shape,0.1575155279503104,Mileage
yes,*,*,Renault,*,*,*,Year,1990,0.9999999999999974,0.10434782608695652,change point,shape,0.10434782608695625,Mileage
*,*,*,BMW,*,*,*,Year,1985,0.9999999999999993,0.15900621118012423,change point,shape,0.15900621118012412,Mileage
*,Gas,*,*,*,*,*,Year,2009,0.9999999999999983,0.14658385093167703,change point,shape,0.14658385093167678,Mileage
*,*,*,Mercedes-Benz,*,*,*,Year,2013,0.9999999999999983,0.204472049689441,change point,shape,0.20447204968944066,Mileage
yes,*,*,BMW,*,*,*,Year,1985,0.9999999999999993,0.13291925465838508,change point,shape,0.132919254658385,Mileage
*,*,*,*,*,*,*,Year,2013,0.9999999999999991,1.0,change point,shape,0.9999999999999991,Mileage
*,*,*,Toyota,*,*,*,Year,1985,0.9999999999999992,0.1267080745341615,change point,shape,0.12670807453416139,Mileage
*,Petrol,*,*,*,*,*,Year,2006,0.9999999999999993,0.36472049689440994,change point,shape,0.3647204968944097,Mileage
yes,*,*,Volkswagen,*,*,*,Year,2004,0.9999999999999992,0.20173913043478262,change point,shape,0.20173913043478245,Mileage
*,*,sedan,*,*,*,*,Year,1996,0.9999999999999989,0.38111801242236026,change point,shape,0.3811180124223598,Mileage
*,Diesel,*,Volkswagen,*,*,*,Year,2013,0.999999999999999,0.1239751552795031,change point,shape,0.12397515527950298,Mileage
*,*,*,Volkswagen,*,*,*,Year,1998,0.9999999999999992,0.2186335403726708,change point,shape,0.21863354037267063,Mileage
yes,*,crossover,*,*,*,*,Year,1991,0.9999999999999989,0.19751552795031055,change point,shape,0.19751552795031033,Mileage
*,Diesel,*,*,*,*,*,Year,1999,0.9999999999999992,0.46236024844720497,change point,shape,0.46236024844720464,Mileage
yes,Petrol,sedan,*,*,*,*,Year,2013,0.9999999999999992,0.18583850931677018,change point,shape,0.18583850931677004,Mileage
*,*,*,*,*,2.0,*,Year,2013,0.9999999999999989,0.1711801242236025,change point,shape,0.1711801242236023,Mileage
yes,Gas,*,*,*,*,*,Year,2009,0.9999999999999984,0.14062111801242236,change point,shape,0.14062111801242214,Mileage
*,*,crossover,*,*,*,*,Year,1991,0.9999999999999989,0.20472049689440994,change point,shape,0.20472049689440971,Mileage
yes,*,sedan,*,*,*,*,Year,1984,0.9999999999999976,0.337888198757764,change point,shape,0.33788819875776316,Mileage
yes,*,van,*,*,*,*,Year,1998,0.9999999999999988,0.1498136645962733,change point,shape,0.1498136645962731,Mileage
yes,Petrol,*,*,*,*,*,Year,2006,0.9999999999999993,0.34608695652173915,change point,shape,0.34608695652173893,Mileage
yes,*,*,*,*,*,*,Year,2013,0.999999999999999,0.9078260869565218,change point,shape,0.9078260869565209,Mileage
yes,*,*,Mercedes-Benz,*,*,*,Year,1994,0.9999999999999988,0.18782608695652173,change point,shape,0.1878260869565215,Mileage
yes,Diesel,*,*,*,*,*,Year,1999,0.9999999999999992,0.39850931677018636,change point,shape,0.39850931677018603,Mileage
*,Diesel,*,*,*,2.0,*,Year,2012,0.996522828377697,0.08149068322981366,outlier,shape,0.08120732613860487,Mileage
*,Diesel,*,Renault,*,*,*,Year,2012,0.9994950092520101,0.08322981366459627,outlier,shape,0.08318778337873872,Mileage
*,*,*,*,*,2.5,*,Year,2000,0.9810789407457036,0.08422360248447205,outlier,shape,0.08263000271125305,Mileage
*,Diesel,*,*,*,3.0,*,Year,2007,0.9921908389599116,0.084472049689441,outlier,shape,0.0838123938500298,Mileage
yes,Diesel,crossover,*,*,*,*,Year,2008,0.9912749885119697,0.09018633540372671,outlier,shape,0.08939945859126584,Mileage
no,*,*,*,*,*,*,Year,2000,0.9892063951042835,0.09217391304347826,outlier,shape,0.09117902424439484,Mileage
*,*,sedan,Mercedes-Benz,*,*,*,Year,2000,0.9979289242167101,0.0884472049689441,outlier,shape,0.08826402410463323,Mileage
*,*,*,Audi,*,*,*,Year,2003,0.9762357233750935,0.10434782608695652,outlier,shape,0.10186807548261845,Mileage
*,*,*,Renault,*,*,*,Year,2012,0.9997243589825768,0.11055900621118013,outlier,shape,0.11052853161422278,Mileage
yes,Diesel,*,Mercedes-Benz,*,*,*,Year,2007,0.9876203695909238,0.09962732919254659,outlier,shape,0.0983939796784995,Mileage
*,*,sedan,BMW,*,*,*,Year,2001,0.9975002668554034,0.08968944099378882,outlier,shape,0.0894652413254163,Mileage
yes,*,other,*,*,*,*,Year,2007,0.9939056270568368,0.09217391304347826,outlier,shape,0.09161217084176061,Mileage
*,*,other,*,*,*,*,Year,2007,0.9903888222375672,0.09788819875776397,outlier,shape,0.09694737787865874,Mileage
*,Diesel,sedan,*,*,*,*,Year,2001,0.9964353094145602,0.10086956521739131,outlier,shape,0.10050999642790347,Mileage
*,Diesel,*,Mercedes-Benz,*,*,*,Year,2007,0.981803232268898,0.11105590062111802,outlier,shape,0.10903504219234718,Mileage
*,*,*,*,*,3.0,*,Year,2007,0.9940980264301117,0.12198757763975156,outlier,shape,0.12126761018066705,Mileage
*,Diesel,*,Volkswagen,*,*,*,Year,2011,0.9817231662214035,0.1239751552795031,outlier,shape,0.12170928197378394,Mileage
*,Petrol,sedan,*,*,*,*,Year,2007,0.998358840769958,0.19503105590062111,outlier,shape,0.19471097888308497,Mileage
yes,*,*,*,*,3.0,*,Year,2007,0.996024430037253,0.11204968944099379,outlier,shape,0.11160422806131705,Mileage
yes,Diesel,*,Volkswagen,*,*,*,Year,2011,0.9884424185685502,0.11329192546583851,outlier,shape,0.11198254481174134,Mileage
yes,Gas,*,*,*,*,*,Year,2008,0.9993023147039932,0.14062111801242236,outlier,shape,0.14052300872607706,Mileage
yes,*,*,Toyota,*,*,*,Year,2008,0.9998875618314184,0.12571428571428572,outlier,shape,0.12570015063023546,Mileage
*,*,vagon,*,*,*,*,Year,2011,0.9782309000840647,0.09416149068322982,outlier,shape,0.09211167978431317,Mileage
*,Diesel,crossover,*,*,*,*,Year,2008,0.9907297354344573,0.0951552795031056,outlier,shape,0.09427316488730364,Mileage
*,Diesel,van,*,*,*,*,Year,2012,0.9937126858082027,0.1408695652173913,outlier,shape,0.1399838740008077,Mileage
yes,*,*,*,*,2.0,*,Year,2011,0.9954009969654556,0.15751552795031057,outlier,shape,0.15679111355927922,Mileage
yes,*,*,Renault,*,*,*,Year,2012,0.9997996172891309,0.10434782608695652,outlier,shape,0.10432691658669191,Mileage
*,*,*,BMW,*,*,*,Year,2001,0.990621084274527,0.15900621118012423,outlier,shape,0.15751490532563908,Mileage
*,Gas,*,*,*,*,*,Year,2008,0.9989840984096315,0.14658385093167703,outlier,shape,0.1464349361643932,Mileage
*,*,*,Mercedes-Benz,*,*,*,Year,2007,0.9853285900784955,0.204472049689441,outlier,shape,0.20147215643095698,Mileage
yes,*,*,BMW,*,*,*,Year,2001,0.9865489481413746,0.13291925465838508,outlier,shape,0.1311313508709653,Mileage
*,*,*,*,*,*,*,Year,2008,0.9948378381955315,1.0,outlier,shape,0.9948378381955315,Mileage
*,*,*,Toyota,*,*,*,Year,2008,0.9998773400157797,0.1267080745341615,outlier,shape,0.12669253252373855,Mileage
*,Petrol,*,*,*,*,*,Year,2008,0.9990850600515309,0.36472049689440994,outlier,shape,0.3643867995417757,Mileage
yes,*,*,Volkswagen,*,*,*,Year,2011,0.9929508003152125,0.20173913043478262,outlier,shape,0.20031703102011245,Mileage
*,*,sedan,*,*,*,*,Year,2007,0.9917193795091482,0.38111801242236026,outlier,shape,0.37796211879926295,Mileage
yes,*,crossover,*,*,*,*,Year,2008,0.9995809400605368,0.19751552795031055,outlier,shape,0.19743275710512465,Mileage
*,*,*,Volkswagen,*,*,*,Year,2011,0.9891963064951226,0.2186335403726708,outlier,shape,0.21627149061259823,Mileage
yes,*,van,*,*,*,*,Year,2012,0.9943527679564063,0.1498136645962733,outlier,shape,0.14896763206899702,Mileage
*,Diesel,*,*,*,*,*,Year,2012,0.9744267987198967,0.46236024844720497,outlier,shape,0.45053621674974603,Mileage
*,*,van,*,*,*,*,Year,2012,0.9924406512892578,0.155527950310559,outlier,shape,0.1543522602998945,Mileage
*,*,*,*,*,2.0,*,Year,2011,0.9953888201316045,0.1711801242236025,outlier,shape,0.17039078188091317,Mileage
yes,Petrol,sedan,*,*,*,*,Year,2007,0.9990725850108595,0.18583850931677018,outlier,shape,0.18566615989767027,Mileage
*,*,crossover,*,*,*,*,Year,2008,0.9994562556459242,0.20472049689440994,outlier,shape,0.20460918128006,Mileage
yes,Petrol,*,*,*,*,*,Year,2008,0.9994714505776535,0.34608695652173915,outlier,shape,0.34590403246078794,Mileage
yes,Diesel,van,*,*,*,*,Year,2012,0.9952686524422989,0.13590062111801243,outlier,shape,0.13525762804619565,Mileage
yes,*,sedan,*,*,*,*,Year,2007,0.9983054731475624,0.337888198757764,outlier,shape,0.3373156381318472,Mileage
yes,*,*,*,*,*,*,Year,2008,0.9982853767149037,0.9078260869565218,outlier,shape,0.9062695072090082,Mileage
yes,*,*,Mercedes-Benz,*,*,*,Year,2007,0.9922849496246272,0.18782608695652173,outlier,shape,0.18637699923384302,Mileage
yes,Diesel,*,*,*,*,*,Year,2012,0.992793809488406,0.39850931677018636,outlier,shape,0.39563758271289523,Mileage
*,Diesel,*,*,*,2.0,*,Registration,yes,0.8655546762875505,0.08149068322981366,attribution,point,0.07053464194343267,Mileage
*,*,*,*,2011,*,*,Registration,yes,0.9436888239291978,0.07503105590062112,attribution,point,0.07080596890102304,Mileage
*,*,*,Mitsubishi,*,*,*,Registration,yes,0.9359523231383116,0.07627329192546584,attribution,point,0.07138816477104637,Mileage
no,*,*,*,*,*,*,Engine Type,Diesel,0.7836526562499859,0.09217391304347826,attribution,point,0.07223233179347696,Mileage
*,*,*,*,*,1.6,*,Registration,yes,0.9314244661627006,0.07751552795031055,attribution,point,0.0721998592404379,Mileage
yes,Gas,*,*,*,*,*,Body,sedan,0.5625149147950486,0.14062111801242236,attribution,point,0.07910147621714222,Mileage
*,*,vagon,*,*,*,*,Engine Type,Diesel,0.7725934147587661,0.09416149068322982,attribution,point,0.07274854762573227,Mileage
*,*,*,*,*,3.0,*,Engine Type,Diesel,0.7458842056813583,0.12198757763975156,attribution,point,0.09098860745081912,Mileage
*,Diesel,*,Renault,*,*,*,Registration,yes,0.9188039393328953,0.08322981366459627,attribution,point,0.07647188066497389,Mileage
*,*,sedan,BMW,*,*,*,Registration,yes,0.8208017319327385,0.08968944099378882,attribution,point,0.07361724850378103,Mileage
*,*,sedan,Mercedes-Benz,*,*,*,Registration,yes,0.8804140933381903,0.0884472049689441,attribution,point,0.07787016577103,Mileage
*,*,*,*,2012,*,*,Registration,yes,0.9507384648227972,0.08347826086956522,attribution,point,0.07936599358520742,Mileage
*,*,*,Renault,*,*,*,Registration,yes,0.9216818228910019,0.11055900621118013,attribution,point,0.1019002263817381,Mileage
*,*,*,Renault,*,*,*,Engine Type,Diesel,0.8305158586891177,0.11055900621118013,attribution,point,0.09182100797929377,Mileage
*,Diesel,*,*,*,3.0,*,Registration,yes,0.8633933341261597,0.084472049689441,attribution,point,0.0729326046218371,Mileage
*,*,*,*,*,3.0,*,Registration,yes,0.8890720895516413,0.12198757763975156,attribution,point,0.10845575055151699,Mileage
*,*,*,*,2008,*,*,Registration,yes,0.9482428804474726,0.09763975155279503,attribution,point,0.09258619925859794,Mileage
yes,*,*,BMW,*,*,*,Body,sedan,0.7117711090067438,0.13291925465838508,attribution,point,0.09460808529654854,Mileage
*,*,*,*,2007,*,*,Registration,yes,0.9396544244518046,0.08298136645962732,attribution,point,0.0779738081408454,Mileage
*,*,*,Audi,*,*,*,Registration,yes,0.7365022029762801,0.10434782608695652,attribution,point,0.07685240378882922,Mileage
*,Diesel,van,*,*,*,*,Registration,yes,0.9325591826368163,0.1408695652173913,attribution,point,0.13136920659753412,Mileage
*,*,*,BMW,*,*,*,Body,sedan,0.7172529707983365,0.15900621118012423,attribution,point,0.11404767734433177,Mileage
*,Diesel,crossover,*,*,*,*,Registration,yes,0.903871562447389,0.0951552795031056,attribution,point,0.08600815115959005,Mileage
*,Diesel,*,Mercedes-Benz,*,*,*,Registration,yes,0.8813105322609716,0.11105590062111802,attribution,point,0.09787473488711908,Mileage
*,Gas,*,*,*,*,*,Body,sedan,0.5665072298335995,0.14658385093167703,attribution,point,0.08304081132964564,Mileage
*,*,crossover,*,*,*,*,Registration,yes,0.9281196041945629,0.20472049689440994,attribution,point,0.19000510654815397,Mileage
*,*,*,Toyota,*,*,*,Registration,yes,0.9473314039486834,0.1267080745341615,attribution,point,0.12003453814008164,Mileage
*,Gas,*,*,*,*,*,Registration,yes,0.9339046966965461,0.14658385093167703,attribution,point,0.13689534684495955,Mileage
*,*,*,Volkswagen,*,*,*,Registration,yes,0.9081665007972224,0.2186335403726708,attribution,point,0.1985556573171567,Mileage
*,*,*,Volkswagen,*,*,*,Engine Type,Diesel,0.6364399162813275,0.2186335403726708,attribution,point,0.13914711213107284,Mileage
*,*,other,*,*,*,*,Registration,yes,0.920791418779788,0.09788819875776397,attribution,point,0.09013461341595937,Mileage
*,*,*,*,*,*,*,Registration,yes,0.8889552059858631,1.0,attribution,point,0.8889552059858631,Mileage
yes,Petrol,*,*,*,*,*,Body,sedan,0.6372592469029793,0.34608695652173915,attribution,point,0.22054711327598764,Mileage
*,Petrol,*,*,*,*,*,Body,sedan,0.6287793238365269,0.36472049689440994,attribution,point,0.2293287074265892,Mileage
*,Diesel,*,Volkswagen,*,*,*,Registration,yes,0.8986454903505221,0.1239751552795031,attribution,point,0.11140971420743119,Mileage
*,*,sedan,*,*,*,*,Registration,yes,0.8736535493025082,0.38111801242236026,attribution,point,0.3329651042559124,Mileage
yes,*,van,*,*,*,*,Engine Type,Diesel,0.9182280527185059,0.1498136645962733,attribution,point,0.1375631095128594,Mileage
*,*,*,BMW,*,*,*,Registration,yes,0.8256638930214615,0.15900621118012423,attribution,point,0.131285687337574,Mileage
yes,*,*,*,*,3.0,*,Engine Type,Diesel,0.7122917361112293,0.11204968944099379,attribution,point,0.07981206782264955,Mileage
*,Diesel,*,*,*,*,*,Registration,yes,0.8437772870145595,0.46236024844720497,attribution,point,0.3901290760581603,Mileage
*,*,van,*,*,*,*,Engine Type,Diesel,0.918124306359534,0.155527950310559,attribution,point,0.14279399149840205,Mileage
*,*,*,Mercedes-Benz,*,*,*,Registration,yes,0.9004555335703083,0.204472049689441,attribution,point,0.18411798860332018,Mileage
*,Petrol,sedan,*,*,*,*,Registration,yes,0.9281872928773833,0.19503105590062111,attribution,point,0.18102534780341514,Mileage
*,*,van,*,*,*,*,Registration,yes,0.9324666440324464,0.155527950310559,attribution,point,0.14502462587933201,Mileage
*,*,*,*,*,2.0,*,Registration,yes,0.9002390608464999,0.1711801242236025,attribution,point,0.15410303426664307,Mileage
*,*,*,Mercedes-Benz,*,*,*,Engine Type,Diesel,0.6158337651848858,0.204472049689441,attribution,point,0.1259207922353195,Mileage
yes,*,*,Volkswagen,*,*,*,Engine Type,Diesel,0.6222910135531962,0.20173913043478262,attribution,point,0.12554044795160132,Mileage
*,Petrol,*,*,*,*,*,Registration,yes,0.9232820300638402,0.36472049689440994,attribution,point,0.33673988077856337,Mileage
yes,*,*,Mercedes-Benz,*,*,*,Engine Type,Diesel,0.5895443283149451,0.18782608695652173,attribution,point,0.11073180427480707,Mileage
yes,*,*,Renault,*,*,*,Engine Type,Diesel,0.8263138673476029,0.10434782608695652,attribution,point,0.08622405572322812,Mileage
yes,*,*,Renault,*,*,*,Year,-1,0.39005174874179227,0.10434782608695652,trend,shape,0.040701052042621796,Price
yes,*,*,*,*,2.5,*,Year,-1,0.6574550663137939,0.06260869565217392,trend,shape,0.041162404151820146,Price
yes,Gas,*,*,*,*,*,Year,-1,0.3132795533850854,0.14062111801242236,trend,shape,0.04405372104744306,Price
*,Diesel,*,Mercedes-Benz,*,*,*,Year,-1,0.38097033909940325,0.11105590062111802,trend,shape,0.04230900411861696,Price
*,*,*,*,*,1.6,*,Year,-1,0.5366883606195862,0.07751552795031055,trend,shape,0.041601681618213884,Price
*,*,other,*,*,*,*,Year,-1,0.5119834997759103,0.09788819875776397,trend,shape,0.050117142586759915,Price
*,Gas,*,*,*,*,*,Year,-1,0.317934004111879,0.14658385093167703,trend,shape,0.04660399066484686,Price
yes,Petrol,*,BMW,*,*,*,Year,-1,0.621398306328264,0.06881987577639752,trend,shape,0.04276455424917494,Price
yes,*,sedan,BMW,*,*,*,Year,-1,0.6338839773249905,0.07229813664596273,trend,shape,0.0458286304103285,Price
yes,*,*,Mercedes-Benz,*,*,*,Year,-1,0.3607365037935403,0.18782608695652173,trend,shape,0.06775572592991713,Price
*,*,*,Renault,*,*,*,Year,-1,0.39574342602663837,0.11055900621118013,trend,shape,0.04375299989611282,Price
*,Diesel,*,*,*,3.0,*,Year,-1,0.6308787316749558,0.084472049689441,trend,shape,0.05329161957005838,Price
yes,*,*,Audi,*,*,*,Year,-1,0.6953230374032082,0.08149068322981366,trend,shape,0.056662349383416716,Price
yes,*,other,*,*,*,*,Year,-1,0.5078543318189941,0.09217391304347826,trend,shape,0.04681092101983771,Price
*,*,*,*,*,2.5,*,Year,-1,0.6685004413368538,0.08422360248447205,trend,shape,0.056303515431849305,Price
*,*,*,Toyota,*,*,*,Year,-1,0.5965922893912743,0.1267080745341615,trend,shape,0.07559306027069562,Price
*,*,vagon,*,*,*,*,Year,-1,0.5030500349324214,0.09416149068322982,trend,shape,0.04736794117748763,Price
*,*,*,Audi,*,*,*,Year,-1,0.7179390117122944,0.10434782608695652,trend,shape,0.07491537513519593,Price
yes,*,van,*,*,*,*,Year,-1,0.6050983748550172,0.1498136645962733,trend,shape,0.09065200497827959,Price
yes,Diesel,*,Volkswagen,*,*,*,Year,-1,0.660241658072054,0.11329192546583851,trend,shape,0.07480004871574078,Price
yes,*,*,Toyota,*,*,*,Year,-1,0.5954362513733706,0.12571428571428572,trend,shape,0.07485484302979517,Price
yes,*,*,BMW,*,*,*,Year,-1,0.5887638117236628,0.13291925465838508,trend,shape,0.07825804702413902,Price
*,Petrol,*,BMW,*,*,*,Year,-1,0.6298160121502591,0.07602484472049689,trend,shape,0.04788166452620603,Price
yes,*,*,*,*,3.0,*,Year,-1,0.6435164266857211,0.11204968944099379,trend,shape,0.0721058157603131,Price
*,Diesel,sedan,*,*,*,*,Year,-1,0.5698642070117975,0.10086956521739131,trend,shape,0.05748195479423349,Price
yes,Diesel,van,*,*,*,*,Year,-1,0.663029750469526,0.13590062111801243,trend,shape,0.09010615490852937,Price
yes,*,sedan,*,*,*,*,Year,-1,0.5978420483291615,0.337888198757764,trend,shape,0.2020037728515925,Price
*,*,*,BMW,*,*,*,Year,-1,0.6040053031853156,0.15900621118012423,trend,shape,0.09604059479219926,Price
*,*,sedan,BMW,*,*,*,Year,-1,0.644215037744867,0.08968944099378882,trend,shape,0.05777928661512969,Price
*,*,*,Mercedes-Benz,*,*,*,Year,-1,0.3644871943607061,0.204472049689441,trend,shape,0.07452744371648723,Price
*,Diesel,van,*,*,*,*,Year,-1,0.6626988696831126,0.1408695652173913,trend,shape,0.09335410164231674,Price
*,*,*,*,*,*,*,Year,-1,0.5519255528314191,1.0,trend,shape,0.5519255528314191,Price
*,*,*,*,*,3.0,*,Year,-1,0.6485141998175158,0.12198757763975156,trend,shape,0.07911067630072056,Price
*,Petrol,*,*,*,*,*,Year,-1,0.5136496269165995,0.36472049689440994,trend,shape,0.18733854715865048,Price
yes,*,crossover,*,*,*,*,Year,-1,0.42133775874713786,0.19751552795031055,trend,shape,0.08322074986434151,Price
*,*,sedan,*,*,*,*,Year,-1,0.61083846430088,0.38111801242236026,trend,shape,0.23280154142547824,Price
yes,Petrol,*,*,*,*,*,Year,-1,0.5098167227894925,0.34608695652173915,trend,shape,0.17644091797410263,Price
*,*,*,Volkswagen,*,*,*,Year,-1,0.6189690029692807,0.2186335403726708,trend,shape,0.13532738450011603,Price
yes,Diesel,*,*,*,*,*,Year,-1,0.535383793475896,0.39850931677018636,trend,shape,0.21335542974790989,Price
*,Diesel,*,*,*,*,*,Year,-1,0.5474480839710059,0.46236024844720497,trend,shape,0.2531182321167806,Price
*,*,crossover,*,*,*,*,Year,-1,0.4239693342972606,0.20472049689440994,trend,shape,0.08679521278532738,Price
*,*,*,*,*,2.0,*,Year,-1,0.5114139882825379,0.1711801242236025,trend,shape,0.08754391004389282,Price
yes,*,*,*,*,2.0,*,Year,-1,0.5053886611219253,0.15751552795031057,trend,shape,0.07960656177672065,Price
*,*,van,*,*,*,*,Year,-1,0.6057391165800665,0.155527950310559,trend,shape,0.09420936322462649,Price
*,Diesel,*,Volkswagen,*,*,*,Year,-1,0.6771628400063588,0.1239751552795031,trend,shape,0.08395136823929765,Price
yes,Diesel,*,*,*,3.0,*,Year,-1,0.6321715186371153,0.07577639751552795,trend,shape,0.04790368029424103,Price
*,Petrol,sedan,*,*,*,*,Year,-1,0.543561789853056,0.19503105590062111,trend,shape,0.10601142982227303,Price
yes,*,*,*,*,*,*,Year,-1,0.5425947309733714,0.9078260869565218,trend,shape,0.49258165142278243,Price
yes,*,*,Volkswagen,*,*,*,Year,-1,0.6097664126521951,0.20173913043478262,trend,shape,0.12301374585679067,Price
yes,Petrol,sedan,*,*,*,*,Year,-1,0.5393391668529126,0.18583850931677018,trend,shape,0.10022998678409406,Price
*,Diesel,van,*,*,2.2,*,Brand,Mercedes-Benz,0.9994812532488182,0.031055900621118012,top1,point,0.03103979047356578,Price
yes,Diesel,*,*,*,*,Vito,EngineV,2.2,0.8879201556194652,0.03602484472049689,top1,point,0.03198718573039067,Price
yes,*,*,*,*,1.4,*,Engine Type,Petrol,0.979834456122013,0.03229813664596273,top1,point,0.03164682715425135,Price
yes,Diesel,*,Mercedes-Benz,*,*,Vito,EngineV,2.2,0.8879201556194652,0.03602484472049689,top1,point,0.03198718573039067,Price
*,Diesel,*,Mercedes-Benz,*,*,Vito,EngineV,2.2,0.8727232933473307,0.03701863354037267,top1,point,0.032307023778571996,Price
*,*,*,*,2000,*,*,Body,sedan,0.9255678395750564,0.03527950310559006,top1,point,0.03265357347072249,Price
*,Diesel,*,*,*,*,Vito,EngineV,2.2,0.8727232933473307,0.03701863354037267,top1,point,0.032307023778571996,Price
*,*,*,*,*,*,Vito,EngineV,2.2,0.895719827250989,0.03875776397515528,top1,point,0.03471609765246069,Price
*,*,van,*,*,2.2,*,Brand,Mercedes-Benz,0.9994839427943595,0.03229813664596273,top1,point,0.03228146895981782,Price
*,*,*,*,*,1.4,*,Engine Type,Petrol,0.9710350411755826,0.03428571428571429,top1,point,0.03329262998316283,Price
yes,*,*,Renault,*,*,Kangoo,EngineV,1.5,0.9878057288743392,0.03354037267080745,top1,point,0.03313137227280392,Price
*,*,*,Mercedes-Benz,*,*,Vito,EngineV,2.2,0.895719827250989,0.03875776397515528,top1,point,0.03471609765246069,Price
yes,*,*,*,*,*,Kangoo,EngineV,1.5,0.9878057288743392,0.03354037267080745,top1,point,0.03313137227280392,Price
yes,*,*,Mercedes-Benz,*,*,Vito,EngineV,2.2,0.9054704063969438,0.03751552795031056,top1,point,0.033969200339363605,Price
yes,*,other,*,*,*,*,Brand,Mercedes-Benz,0.5527450595887227,0.09217391304347826,top1,point,0.05094867505774313,Price
*,*,*,Renault,*,*,*,Body,van,0.3565236266313708,0.11055900621118013,top1,point,0.039416897851170196,Price
*,*,*,*,*,1.5,*,Brand,Renault,0.9094027436961881,0.06161490683229814,top1,point,0.056032765325876935,Price
yes,*,van,Mercedes-Benz,*,*,*,Engine Type,Diesel,0.9422430244653761,0.03900621118012423,top1,point,0.03675333039529542,Price
yes,*,*,Renault,*,*,Kangoo,Engine Type,Diesel,0.998452595486787,0.03354037267080745,top1,point,0.033488472146761795,Price
*,*,*,*,*,*,Kangoo,EngineV,1.5,0.9871317931794132,0.0337888198757764,top1,point,0.03335401835339136,Price
*,*,*,*,*,*,Kangoo,Engine Type,Diesel,0.9984557391670006,0.0337888198757764,top1,point,0.03373664112464897,Price
yes,*,*,*,*,*,Kangoo,Engine Type,Diesel,0.998452595486787,0.03354037267080745,top1,point,0.033488472146761795,Price
*,*,*,Renault,*,*,Kangoo,EngineV,1.5,0.9871317931794132,0.0337888198757764,top1,point,0.03335401835339136,Price
yes,*,van,Renault,*,*,*,Engine Type,Diesel,0.9960093147850163,0.04596273291925466,top1,point,0.04577931012055354,Price
yes,*,*,*,*,2.2,*,Engine Type,Diesel,0.9989505762256446,0.06360248447204969,top1,point,0.06353573851273665,Price
yes,*,*,*,*,2.2,*,Brand,Mercedes-Benz,0.5325504452573042,0.06360248447204969,top1,point,0.033871531425060844,Price
*,*,*,*,*,2.2,*,Engine Type,Diesel,0.9989396766550128,0.06881987577639752,top1,point,0.06874690445551268,Price
*,*,*,Mercedes-Benz,*,2.2,*,Engine Type,Diesel,0.6726604155649135,0.059130434782608696,top1,point,0.039774702833403584,Price
yes,Petrol,*,Volkswagen,*,*,*,Body,sedan,0.9431262504508399,0.06509316770186335,top1,point,0.061391075184626095,Price
*,*,*,*,*,1.5,*,Engine Type,Diesel,0.9950799690108458,0.06161490683229814,top1,point,0.061311759581289385,Price
*,*,other,*,*,*,*,Brand,Mercedes-Benz,0.54984544543059,0.09788819875776397,top1,point,0.05382338024836086,Price
*,*,*,*,*,1.8,*,Body,sedan,0.6976445492701546,0.06012422360248447,top1,point,0.04194533687537327,Price
yes,*,van,*,*,*,*,Engine Type,Diesel,0.9921475352212933,0.1498136645962733,top1,point,0.1486372580716621,Price
yes,*,*,Renault,*,*,*,Engine Type,Diesel,0.9111715411902158,0.10434782608695652,top1,point,0.09507876951550077,Price
*,*,*,*,*,2.2,*,Brand,Mercedes-Benz,0.8924852073627403,0.06881987577639752,top1,point,0.06142072110297617,Price
yes,*,*,*,*,1.5,*,Engine Type,Diesel,0.9949539621466339,0.06086956521739131,top1,point,0.06056241508718641,Price
yes,*,*,Renault,*,*,*,Body,van,0.40579204501108446,0.10434782608695652,top1,point,0.04234351774028707,Price
yes,*,*,*,*,*,Vito,EngineV,2.2,0.9054704063969438,0.03751552795031056,top1,point,0.033969200339363605,Price
*,*,*,Renault,*,*,Kangoo,Engine Type,Diesel,0.9984557391670006,0.0337888198757764,top1,point,0.03373664112464897,Price
*,*,van,Mercedes-Benz,*,*,*,Engine Type,Diesel,0.9440586215662536,0.04074534161490683,top1,point,0.03846599104021505,Price
*,Diesel,*,*,*,2.2,*,Brand,Mercedes-Benz,0.8284262870635726,0.05888198757763975,top1,point,0.048779386343867505,Price
*,*,*,*,*,1.9,*,Engine Type,Diesel,0.998765296767812,0.05018633540372671,top1,point,0.05012437017319206,Price
*,*,van,Renault,*,*,*,Engine Type,Diesel,0.9961294273361796,0.04770186335403727,top1,point,0.047517229825725836,Price
yes,*,*,*,*,1.8,*,Body,sedan,0.6723506752663658,0.05540372670807454,top1,point,0.0372507330644471,Price
yes,*,*,Mercedes-Benz,*,2.2,*,Engine Type,Diesel,0.8781390758131855,0.05490683229813664,top1,point,0.04821583497011528,Price
yes,*,*,*,*,1.5,*,Brand,Renault,0.9056501084892674,0.06086956521739131,top1,point,0.05512652834282498,Price
yes,*,*,*,*,1.9,*,Engine Type,Diesel,0.9983181179187176,0.03503105590062112,top1,point,0.034972137795413465,Price
*,Petrol,*,Volkswagen,*,*,*,Body,sedan,0.9455321049309853,0.06881987577639752,top1,point,0.06507140200394607,Price
*,*,*,Renault,*,*,*,Engine Type,Diesel,0.9043218291975642,0.11055900621118013,top1,point,0.09998092273115927,Price
*,*,van,*,*,*,*,Engine Type,Diesel,0.9917022465319105,0.155527950310559,top1,point,0.1542374177214847,Price
yes,*,*,Audi,*,*,*,Year,2003,0.9999999999999992,0.08149068322981366,change point,shape,0.08149068322981359,Price
*,Diesel,*,*,*,3.0,*,Year,2006,0.9999999999999987,0.084472049689441,change point,shape,0.08447204968944089,Price
*,Diesel,*,Renault,*,*,*,Year,1999,0.9999999999999952,0.08322981366459627,change point,shape,0.08322981366459586,Price
*,*,sedan,BMW,*,*,*,Year,1997,0.9999999999999982,0.08968944099378882,change point,shape,0.08968944099378867,Price
*,*,sedan,Mercedes-Benz,*,*,*,Year,1978,0.9999999999999993,0.0884472049689441,change point,shape,0.08844720496894404,Price
yes,*,other,*,*,*,*,Year,2015,0.9999999999999992,0.09217391304347826,change point,shape,0.09217391304347819,Price
*,*,*,*,*,2.5,*,Year,2011,0.9999999999999992,0.08422360248447205,change point,shape,0.08422360248447198,Price
*,*,*,Audi,*,*,*,Year,1995,0.999999999999999,0.10434782608695652,change point,shape,0.1043478260869564,Price
yes,*,*,Renault,*,*,*,Year,2004,0.9999999999999981,0.10434782608695652,change point,shape,0.10434782608695632,Price
*,Diesel,sedan,*,*,*,*,Year,1984,0.9999999999999986,0.10086956521739131,change point,shape,0.10086956521739117,Price
yes,Diesel,crossover,*,*,*,*,Year,1993,0.9999999999999993,0.09018633540372671,change point,shape,0.09018633540372666,Price
no,*,*,*,*,*,*,Year,1996,0.9999999999999992,0.09217391304347826,change point,shape,0.09217391304347819,Price
*,*,other,*,*,*,*,Year,2015,0.9999999999999992,0.09788819875776397,change point,shape,0.0978881987577639,Price
*,Gas,*,*,*,*,*,Year,1996,0.999999999999999,0.14658385093167703,change point,shape,0.1465838509316769,Price
*,Diesel,van,*,*,*,*,Year,1995,0.9999999999999992,0.1408695652173913,change point,shape,0.1408695652173912,Price
*,*,*,*,*,3.0,*,Year,2013,0.9999999999999989,0.12198757763975156,change point,shape,0.12198757763975142,Price
*,Diesel,*,Volkswagen,*,*,*,Year,2001,0.9999999999999993,0.1239751552795031,change point,shape,0.12397515527950302,Price
*,*,*,Renault,*,*,*,Year,1999,0.9999999999999982,0.11055900621118013,change point,shape,0.11055900621117994,Price
yes,*,*,*,*,3.0,*,Year,2013,0.9999999999999988,0.11204968944099379,change point,shape,0.11204968944099365,Price
yes,Diesel,van,*,*,*,*,Year,2011,0.999999999999999,0.13590062111801243,change point,shape,0.1359006211180123,Price
*,*,*,*,*,2.0,*,Year,2006,0.9999999999999983,0.1711801242236025,change point,shape,0.1711801242236022,Price
yes,*,*,Toyota,*,*,*,Year,1998,0.9999999999999984,0.12571428571428572,change point,shape,0.12571428571428553,Price
*,*,vagon,*,*,*,*,Year,2013,0.9999999999999993,0.09416149068322982,change point,shape,0.09416149068322975,Price
yes,*,*,BMW,*,*,*,Year,2003,0.9999999999999991,0.13291925465838508,change point,shape,0.13291925465838497,Price
*,Diesel,crossover,*,*,*,*,Year,2015,0.9999999999999993,0.0951552795031056,change point,shape,0.09515527950310552,Price
yes,*,*,*,*,2.0,*,Year,1994,0.999999999999999,0.15751552795031057,change point,shape,0.1575155279503104,Price
yes,*,*,Mercedes-Benz,*,*,*,Year,2015,0.9999999999999993,0.18782608695652173,change point,shape,0.1878260869565216,Price
*,*,*,BMW,*,*,*,Year,2003,0.9999999999999991,0.15900621118012423,change point,shape,0.1590062111801241,Price
yes,*,*,Volkswagen,*,*,*,Year,2004,0.9999999999999989,0.20173913043478262,change point,shape,0.2017391304347824,Price
*,*,*,Mercedes-Benz,*,*,*,Year,2015,0.9999999999999993,0.204472049689441,change point,shape,0.20447204968944085,Price
yes,*,crossover,*,*,*,*,Year,2015,0.9999999999999991,0.19751552795031055,change point,shape,0.19751552795031038,Price
*,*,*,*,*,*,*,Year,1999,0.9999999999999993,1.0,change point,shape,0.9999999999999993,Price
*,*,*,Toyota,*,*,*,Year,2002,0.9999999999999987,0.1267080745341615,change point,shape,0.12670807453416133,Price
*,Petrol,*,*,*,*,*,Year,1999,0.9999999999999991,0.36472049689440994,change point,shape,0.3647204968944096,Price
*,Petrol,sedan,*,*,*,*,Year,1978,0.9999999999999993,0.19503105590062111,change point,shape,0.19503105590062098,Price
*,*,sedan,*,*,*,*,Year,1978,0.9999999999999992,0.38111801242236026,change point,shape,0.38111801242236,Price
yes,Diesel,*,Volkswagen,*,*,*,Year,2001,0.9999999999999993,0.11329192546583851,change point,shape,0.11329192546583844,Price
*,*,*,Volkswagen,*,*,*,Year,2004,0.9999999999999989,0.2186335403726708,change point,shape,0.21863354037267055,Price
yes,*,van,*,*,*,*,Year,1998,0.9999999999999992,0.1498136645962733,change point,shape,0.14981366459627318,Price
*,Diesel,*,*,*,*,*,Year,2015,0.9999999999999993,0.46236024844720497,change point,shape,0.46236024844720464,Price
*,*,van,*,*,*,*,Year,1998,0.9999999999999993,0.155527950310559,change point,shape,0.15552795031055888,Price
yes,Petrol,sedan,*,*,*,*,Year,1978,0.9999999999999993,0.18583850931677018,change point,shape,0.18583850931677007,Price
yes,Diesel,*,*,*,*,*,Year,2015,0.9999999999999993,0.39850931677018636,change point,shape,0.3985093167701861,Price
*,*,crossover,*,*,*,*,Year,2015,0.9999999999999991,0.20472049689440994,change point,shape,0.20472049689440974,Price
yes,Petrol,*,*,*,*,*,Year,2002,0.9999999999999988,0.34608695652173915,change point,shape,0.3460869565217387,Price
yes,Diesel,*,Mercedes-Benz,*,*,*,Year,1996,0.9999999999999993,0.09962732919254659,change point,shape,0.09962732919254652,Price
yes,*,sedan,*,*,*,*,Year,1978,0.9999999999999992,0.337888198757764,change point,shape,0.3378881987577637,Price
yes,*,*,*,*,*,*,Year,1999,0.9999999999999993,0.9078260869565218,change point,shape,0.9078260869565212,Price
yes,Gas,*,*,*,*,*,Year,1996,0.9999999999999989,0.14062111801242236,change point,shape,0.1406211180124222,Price
*,Diesel,*,Mercedes-Benz,*,*,*,Year,2015,0.9999999999999991,0.11105590062111802,change point,shape,0.11105590062111792,Price
*,Diesel,*,*,*,2.0,*,Year,2016,0.9984314373437867,0.08149068322981366,outlier,shape,0.08136285998727007,Price
*,Diesel,*,Renault,*,*,*,Year,2012,0.9998433630496683,0.08322981366459627,outlier,shape,0.08321677680040716,Price
*,*,*,*,*,2.5,*,Year,2016,0.9972722338393206,0.08422360248447205,outlier,shape,0.0839938601916844,Price
*,Diesel,crossover,*,*,*,*,Year,2016,0.9999897235503561,0.0951552795031056,outlier,shape,0.09515430164466743,Price
*,*,sedan,Mercedes-Benz,*,*,*,Year,2011,0.9999752664403398,0.0884472049689441,outlier,shape,0.08844501735472322,Price
no,*,*,*,*,*,*,Year,2001,0.9761106579211976,0.09217391304347826,outlier,shape,0.08997193890404082,Price
*,Diesel,*,*,*,3.0,*,Year,2016,0.9984123574553867,0.084472049689441,outlier,shape,0.08433793826952335,Price
*,*,*,Audi,*,*,*,Year,2013,0.9966386748815493,0.10434782608695652,outlier,shape,0.10399707911807471,Price
*,Diesel,sedan,*,*,*,*,Year,2014,0.9986458664123147,0.10086956521739131,outlier,shape,0.10073297435115522,Price
yes,Diesel,crossover,*,*,*,*,Year,2016,0.9999848769154451,0.09018633540372671,outlier,shape,0.0901849715081507,Price
*,*,vagon,*,*,*,*,Year,2012,0.9981461135372725,0.09416149068322982,outlier,shape,0.09398692597034193,Price
yes,*,other,*,*,*,*,Year,2016,0.9999631363051666,0.09217391304347826,outlier,shape,0.09217051517247622,Price
*,*,other,*,*,*,*,Year,2016,0.9999630094663887,0.09788819875776397,outlier,shape,0.09788457782105768,Price
*,Diesel,*,Volkswagen,*,*,*,Year,2012,0.9902017719649727,0.1239751552795031,outlier,shape,0.12276041843739662,Price
*,*,sedan,BMW,*,*,*,Year,2011,0.9973425021667073,0.08968944099378882,outlier,shape,0.0894510914986786,Price
*,*,*,*,*,3.0,*,Year,2016,0.9995881468582986,0.12198757763975156,outlier,shape,0.12193733667265208,Price
yes,Diesel,*,Volkswagen,*,*,*,Year,2012,0.9893754989811497,0.11329192546583851,outlier,shape,0.1120882552882992,Price
*,*,*,Renault,*,*,*,Year,2012,0.9999639977070789,0.11055900621118013,outlier,shape,0.11055502583345345,Price
yes,*,*,*,*,3.0,*,Year,2016,0.9995050177763587,0.11204968944099379,outlier,shape,0.11199422683655597,Price
*,*,van,*,*,*,*,Year,2013,0.9955862776844696,0.155527950310559,outlier,shape,0.15484149312558457,Price
yes,Gas,*,*,*,*,*,Year,2008,0.9999581494757485,0.14062111801242236,outlier,shape,0.1406152329449127,Price
yes,*,*,Toyota,*,*,*,Year,2016,0.999457236817873,0.12571428571428572,outlier,shape,0.12564605262853262,Price
yes,Diesel,*,Mercedes-Benz,*,*,*,Year,2016,0.999998766674988,0.09962732919254659,outlier,shape,0.09962720631966962,Price
yes,*,*,BMW,*,*,*,Year,2016,0.9999780400405983,0.13291925465838508,outlier,shape,0.13291633575694908,Price
*,Diesel,*,Mercedes-Benz,*,*,*,Year,2016,0.9999991202865801,0.11105590062111802,outlier,shape,0.11105580292375189,Price
yes,*,*,Renault,*,*,*,Year,2012,0.9999668496270065,0.10434782608695652,outlier,shape,0.10434436691760068,Price
yes,Diesel,*,*,*,*,*,Year,2016,0.9999895182097672,0.39850931677018636,outlier,shape,0.39850513967912216,Price
*,*,*,BMW,*,*,*,Year,2016,0.9999756431998901,0.15900621118012423,outlier,shape,0.15900233829762228,Price
*,Gas,*,*,*,*,*,Year,2008,0.999955720681961,0.14658385093167703,outlier,shape,0.14657736029872226,Price
*,*,*,Mercedes-Benz,*,*,*,Year,2016,0.9999998910377638,0.204472049689441,outlier,shape,0.2044720274097092,Price
yes,*,*,*,*,2.0,*,Year,2016,0.9995546600066112,0.15751552795031057,outlier,shape,0.15744537998613453,Price
*,*,*,*,*,*,*,Year,2016,0.9999780856484305,1.0,outlier,shape,0.9999780856484305,Price
*,*,*,Toyota,*,*,*,Year,2016,0.9994515169701585,0.1267080745341615,outlier,shape,0.12663857730553563,Price
*,Petrol,*,*,*,*,*,Year,2016,0.9999544822292433,0.36472049689440994,outlier,shape,0.36470389563044203,Price
yes,*,*,Volkswagen,*,*,*,Year,2012,0.9980374442074731,0.20173913043478262,outlier,shape,0.2013432061357685,Price
*,*,sedan,*,*,*,*,Year,2011,0.9993919041962588,0.38111801242236026,outlier,shape,0.38088625615827604,Price
yes,*,van,*,*,*,*,Year,2013,0.9954198576131801,0.1498136645962733,outlier,shape,0.1491274966809311,Price
*,*,*,Volkswagen,*,*,*,Year,2012,0.9978546997362102,0.2186335403726708,outlier,shape,0.21816450578083602,Price
*,Petrol,sedan,*,*,*,*,Year,2011,0.9996402558389177,0.19503105590062111,outlier,shape,0.19496089461703114,Price
*,Diesel,*,*,*,*,*,Year,2016,0.9999889946357944,0.46236024844720497,outlier,shape,0.4623551600042766,Price
yes,*,crossover,*,*,*,*,Year,2016,0.9999917596621576,0.19751552795031055,outlier,shape,0.19751390035563113,Price
*,*,*,*,*,2.0,*,Year,2016,0.9995031455161937,0.1711801242236025,outlier,shape,0.17109507261134346,Price
yes,Petrol,sedan,*,*,*,*,Year,2011,0.9996387981524412,0.18583850931677018,outlier,shape,0.18577138410385738,Price
*,*,crossover,*,*,*,*,Year,2016,0.9999914488244274,0.20472049689440994,outlier,shape,0.20471874629349768,Price
yes,Petrol,*,*,*,*,*,Year,2016,0.9999564774711651,0.34608695652173915,outlier,shape,0.34607189394219456,Price
yes,Diesel,van,*,*,*,*,Year,2012,0.9899479623853902,0.13590062111801243,outlier,shape,0.13453454296268533,Price
yes,*,sedan,*,*,*,*,Year,2011,0.999404565296949,0.337888198757764,outlier,shape,0.3376870083984722,Price
yes,*,*,*,*,*,*,Year,2016,0.9999797289644905,0.9078260869565218,outlier,shape,0.9078076843816766,Price
yes,*,*,Mercedes-Benz,*,*,*,Year,2016,0.9999998944852502,0.18782608695652173,outlier,shape,0.18782606713809916,Price
*,Diesel,van,*,*,*,*,Year,2012,0.9896776309367009,0.1408695652173913,outlier,shape,0.13941545757543092,Price
yes,*,*,*,*,3.0,*,Body,crossover,0.6621323691452983,0.11204968944099379,attribution,point,0.07419172633156013,Price
*,Diesel,*,*,*,2.0,*,Registration,yes,0.9434869138965207,0.08149068322981366,attribution,point,0.07688539323181585,Price
*,Diesel,*,Renault,*,*,*,Registration,yes,0.9444758656699874,0.08322981366459627,attribution,point,0.07860855031042131,Price
*,*,*,*,2007,*,*,Registration,yes,0.9473965920265597,0.08298136645962732,attribution,point,0.07861626378555799,Price
*,*,*,*,*,2.5,*,Registration,yes,0.9232591703965594,0.08422360248447205,attribution,point,0.07776021335762326,Price
*,*,vagon,*,*,*,*,Registration,yes,0.9186157458931927,0.09416149068322982,attribution,point,0.08649822799839008,Price
*,Diesel,*,*,*,3.0,*,Registration,yes,0.9461471986501879,0.084472049689441,attribution,point,0.07992299317790408,Price
yes,*,*,Toyota,*,*,*,Body,crossover,0.6448122850095199,0.12571428571428572,attribution,point,0.08106211582976823,Price
*,*,*,*,*,3.0,*,Body,crossover,0.6585805368700633,0.12198757763975156,attribution,point,0.08033864437346612,Price
*,*,*,Toyota,*,*,*,Body,crossover,0.6456619507561002,0.1267080745341615,attribution,point,0.08181058258027606,Price
*,*,*,*,2012,*,*,Registration,yes,0.9506370417346641,0.08347826086956522,attribution,point,0.07935752696219806,Price
*,*,*,Renault,*,*,*,Engine Type,Diesel,0.8331612415029609,0.11055900621118013,attribution,point,0.0921134788742404,Price
yes,*,*,*,*,3.0,*,Engine Type,Diesel,0.81258533863498,0.11204968944099379,attribution,point,0.09104993483835427,Price
*,Diesel,*,Mercedes-Benz,*,*,*,Registration,yes,0.9459438232936656,0.11105590062111802,attribution,point,0.10505264323286174,Price
*,*,other,*,*,*,*,Registration,yes,0.9487604407051788,0.09788819875776397,attribution,point,0.09287245059325229,Price
yes,*,*,*,*,2.0,*,Engine Type,Diesel,0.5903258108936221,0.15751552795031057,attribution,point,0.09298548176560409,Price
*,*,*,*,*,3.0,*,Registration,yes,0.9466112077256893,0.12198757763975156,attribution,point,0.11547480819709652,Price
*,Diesel,crossover,*,*,*,*,Registration,yes,0.9486063478990369,0.0951552795031056,attribution,point,0.09026490217275307,Price
*,*,sedan,Mercedes-Benz,*,*,*,Registration,yes,0.945132118899638,0.0884472049689441,attribution,point,0.08359429424304872,Price
*,Diesel,*,Volkswagen,*,*,*,Registration,yes,0.9447991593503496,0.1239751552795031,attribution,point,0.1171316224884036,Price
yes,*,crossover,*,*,*,*,Engine Type,Diesel,0.5749491119414856,0.19751552795031055,attribution,point,0.11356137738968472,Price
yes,*,*,Renault,*,*,*,Engine Type,Diesel,0.8320082821880854,0.10434782608695652,attribution,point,0.08681825553266978,Price
*,*,sedan,BMW,*,*,*,Registration,yes,0.9324756974597946,0.08968944099378882,attribution,point,0.08363322404546233,Price
*,*,*,*,*,2.0,*,Engine Type,Diesel,0.592864462607367,0.1711801242236025,attribution,point,0.10148661235688843,Price
*,*,*,*,2008,*,*,Registration,yes,0.9495292650752283,0.09763975155279503,attribution,point,0.09271180153405334,Price
*,*,crossover,*,*,*,*,Engine Type,Diesel,0.5760871628591154,0.20472049689440994,attribution,point,0.11793685023500897,Price
*,*,*,Volkswagen,*,*,*,Registration,yes,0.9443217012808893,0.2186335403726708,attribution,point,0.2064603968017845,Price
*,*,sedan,*,*,*,*,Registration,yes,0.9415079972241049,0.38111801242236026,attribution,point,0.358825656581808,Price
*,*,*,Volkswagen,*,*,*,Engine Type,Diesel,0.6955086237826914,0.2186335403726708,attribution,point,0.15206151277733376,Price
yes,*,*,Volkswagen,*,*,*,Engine Type,Diesel,0.6965057557421798,0.20173913043478262,attribution,point,0.14051246550624844,Price
*,*,*,*,*,3.0,*,Engine Type,Diesel,0.8134770629883041,0.12198757763975156,attribution,point,0.09923409637944282,Price
*,*,*,*,*,*,*,Registration,yes,0.9452590527498979,1.0,attribution,point,0.9452590527498979,Price
*,Gas,*,*,*,*,*,Registration,yes,0.9474636051771047,0.14658385093167703,attribution,point,0.13888286386447002,Price
*,*,van,*,*,*,*,Registration,yes,0.9484492637611729,0.155527950310559,attribution,point,0.14751036996633396,Price
*,*,*,*,*,2.0,*,Registration,yes,0.9447502024873888,0.1711801242236025,attribution,point,0.16172245702206484,Price
*,*,sedan,*,*,*,*,Engine Type,Petrol,0.570439036850441,0.38111801242236026,attribution,point,0.2174045919325656,Price
*,Diesel,van,*,*,*,*,Registration,yes,0.9486755178500053,0.1408695652173913,attribution,point,0.13363950773191377,Price
*,*,*,BMW,*,*,*,Registration,yes,0.9393988738416281,0.15900621118012423,attribution,point,0.1493702557164328,Price
*,Petrol,sedan,*,*,*,*,Registration,yes,0.9485544855090599,0.19503105590062111,attribution,point,0.18499758288810236,Price
*,Diesel,*,*,*,*,*,Registration,yes,0.9419670090225157,0.46236024844720497,attribution,point,0.4355281003207209,Price
*,*,van,*,*,*,*,Engine Type,Diesel,0.9063331424863761,0.155527950310559,attribution,point,0.14096013594943388,Price
*,*,*,Mercedes-Benz,*,*,*,Registration,yes,0.948155817270708,0.204472049689441,attribution,point,0.19387136338230873,Price
yes,*,van,*,*,*,*,Engine Type,Diesel,0.9066575794557451,0.1498136645962733,attribution,point,0.135829694512252,Price
*,*,crossover,*,*,*,*,Registration,yes,0.9491483346754717,0.20472049689440994,attribution,point,0.19431011870126427,Price
*,*,*,Audi,*,*,*,Registration,yes,0.9363179644600456,0.10434782608695652,attribution,point,0.09770274411756996,Price
*,*,*,Toyota,*,*,*,Registration,yes,0.951436709183902,0.1267080745341615,attribution,point,0.1205547134618112,Price
*,Diesel,sedan,*,*,*,*,Registration,yes,0.9264968032728279,0.10086956521739131,attribution,point,0.09345532972143308,Price
*,Petrol,*,*,*,*,*,Registration,yes,0.9489027721704405,0.36472049689440994,attribution,point,0.3460842905704861,Price
yes,*,sedan,*,*,*,*,Engine Type,Petrol,0.5845954682998804,0.337888198757764,attribution,point,0.19752790978579812,Price
*,*,*,Renault,*,*,*,Registration,yes,0.9451125252802831,0.11055900621118013,attribution,point,0.10449070155272695,Price
